Week,date,fit top 1,fit top 2,fit top 3,fit2 top 3,fit3 top 3,fit2 top 2,fit3 top 2,fit2 top 1,fit3 top 1
0,2012-10-07,6.464020283,14.91837237,12.85270016,17.5605865,16.6914332,21.96756243,19.34860404,6.676299032,6.81402845
1,2012-10-14,6.405044123,14.87945934,13.46060476,17.58443288,16.86440213,20.42894302,18.14966475,6.553468846,6.678459533
2,2012-10-21,5.59488039,12.76639749,12.50080925,16.28738127,15.67293034,17.53392506,15.62142878,5.685903713,5.801918617
3,2012-10-28,4.556117554,9.883558423,11.04088237,14.66706426,14.12837844,14.47861243,13.02032465,4.598338596,4.706191904
4,2012-11-04,4.203192866,8.345087913,10.55308227,14.02939501,13.56690836,12.89453225,11.97042806,4.200977513,4.297650087
5,2012-11-11,4.907367605,8.923719899,11.37459852,14.62117461,14.25460979,13.23082531,12.87198928,4.859143596,4.941463612
6,2012-11-18,6.035310562,10.469797,12.44027562,15.42459147,15.17121538,14.43089729,14.64232214,5.938587619,6.00666788
7,2012-11-25,6.568955036,11.27312658,12.45048861,15.23287798,15.09719997,15.05786393,15.87880251,6.425567054,6.481906342
8,2012-12-02,6.166445885,10.64642615,11.16661778,13.82636804,13.80609391,14.49743171,16.03850351,5.980955527,6.026817859
9,2012-12-09,5.477105998,9.139947289,9.545314645,12.09578963,12.1914294,13.04789021,14.27396483,5.250436686,5.284335039
10,2012-12-16,5.372398745,7.622781068,8.740487313,11.13382047,11.35011746,11.44957976,12.5218104,5.100110924,5.120079483
11,2012-12-23,6.000235218,6.571842593,9.101628332,11.30201063,11.64256561,10.23837094,11.27511472,5.67984709,5.686157255
12,2012-12-30,6.724441359,6.166742334,10.096861,12.12365247,12.5875326,9.809581219,10.88195618,6.36373509,6.358397374
13,2013-01-06,6.922303814,6.551146416,11.01355486,12.9072222,13.49113212,10.40837527,11.56018616,6.536682948,6.520569233
14,2013-01-13,6.631211595,7.633329923,11.58704483,13.35277363,14.05472922,11.83256681,13.1005569,6.230039909,6.201555433
15,2013-01-20,6.326543307,8.825959947,12.00405943,13.60901398,14.43004493,13.35386156,14.77911275,5.903345813,5.860242156
16,2013-01-27,6.237023226,9.462465056,12.49122673,13.91468651,14.86066578,14.3379243,15.9726516,5.777553382,5.719117397
17,2013-02-03,6.122609387,9.637155576,13.04005442,14.30732694,15.39313742,15.04198529,16.95190592,5.626271855,5.552784057
18,2013-02-10,5.748760072,10.31762102,13.50306549,14.46369022,15.39093656,14.92429711,16.56552977,5.242866055,5.172865174
19,2013-02-17,5.343736854,12.26879567,13.83249196,14.50348471,15.3031105,16.19339712,17.61955591,4.873460672,4.804024147
20,2013-02-24,5.366191619,14.93705446,14.14905806,14.50913099,15.20305225,18.1039257,19.33838091,4.969651762,4.898251952
21,2013-03-03,5.864838919,16.80211649,14.6007044,14.62784452,15.21929266,19.09749307,20.14317606,5.554988603,5.481184625
22,2013-03-10,6.305504066,17.04682381,15.20764636,14.91072004,15.38860056,18.48361908,19.34975098,6.074226768,5.99779959
23,2013-03-17,6.167582426,16.63347863,15.85783025,15.26210988,15.61517529,17.32803463,18.04383242,6.004093379,5.921861759
24,2013-03-24,5.595325595,17.34411947,16.43330716,15.54425788,15.77040658,17.35599226,17.94973441,5.498474119,5.405113034
25,2013-03-31,5.258555025,19.71990258,16.93325111,15.73054881,15.83272641,18.97362496,19.43095812,5.232799361,5.126822974
26,2013-04-07,5.54456848,22.2909356,17.48082359,15.95071666,15.92685183,20.67568548,21.0995951,5.588982452,5.477857508
27,2013-04-14,6.061078634,23.11457957,18.19766101,16.3585579,16.19948655,20.62025493,20.88223578,6.16575059,6.063937905
28,2013-04-21,6.077003159,21.94440249,19.04157635,16.92730552,16.62573225,18.65471926,18.62329998,6.23173308,6.151858328
29,2013-04-28,5.380206977,20.5555998,19.77232792,17.39503476,16.95403467,16.51743932,16.09022263,5.583705033,5.529931439
30,2013-05-05,4.516516033,20.86397876,20.14103519,17.48178664,16.91125089,16.01221544,15.11197372,4.775800833,4.745856691
31,2013-05-12,4.135903657,22.9971337,20.17116024,17.20624148,16.51018838,17.22507413,15.77283578,4.457841201,4.450392373
32,2013-05-19,4.258847731,25.42305534,20.21644491,16.93784181,16.10652495,18.68274011,16.57920625,4.644223659,4.662075397
33,2013-05-26,4.342201349,26.76700699,20.62726309,17.02658247,16.04145174,19.04806873,16.18093169,4.787605372,4.832412954
34,2013-06-02,4.013306375,27.09252314,21.30619801,17.89770426,16.9584179,19.90282927,17.41296913,4.515442512,4.580291512
35,2013-06-09,3.53381341,27.33179644,21.64880061,18.37908241,17.47655695,20.48450913,18.30176205,4.088634862,4.158178133
36,2013-06-16,3.439999827,27.90314418,21.13955188,17.9824975,17.11158261,21.2304522,19.31735763,4.037399314,4.096910102
37,2013-06-23,3.856414864,28.35992713,20.00283333,16.98399334,16.1401768,21.83207676,20.16946256,4.478539968,4.522924185
38,2013-06-30,4.357593265,28.31923241,19.16121901,16.3234249,15.50541591,21.98400519,20.55128146,4.985431489,5.019097231
39,2013-07-07,4.516562981,28.1618207,19.35691618,16.70429086,15.91709917,21.95638774,20.71906919,5.139501491,5.168125062
40,2013-07-14,4.406358257,28.40899248,20.28419321,17.7754576,17.02544304,22.08465302,20.99809856,5.025308131,5.049031864
41,2013-07-21,4.422225316,28.64708195,20.75122556,18.3534407,17.63757687,21.92788513,20.9567562,5.043445897,5.058315381
42,2013-07-28,4.696758193,27.6710484,19.86893407,17.60143849,16.90347227,20.47046445,19.60996969,5.322689898,5.327136848
43,2013-08-04,4.896775191,24.96309446,18.07637402,16.11640905,15.61066514,18.61492494,17.86854044,5.521728795,5.519741233
44,2013-08-11,4.666659196,21.69292606,16.7791501,15.12254617,14.80002495,16.30575722,15.71564915,5.278862014,5.276611126
45,2013-08-18,4.128371398,19.75629832,16.91935872,15.50124482,15.36432588,15.29147308,14.88519399,4.71415621,4.71508305
46,2013-08-25,3.78279497,19.7517135,17.90183545,16.67182888,16.72038206,16.14364438,15.92648974,4.329376924,4.333863273
47,2013-09-01,3.946499612,20.27942348,18.14518989,17.1438349,17.36437307,17.65405499,17.6271477,4.443569606,4.452707779
48,2013-09-08,4.450602338,19.52682892,16.75663218,16.08023319,16.45530648,18.16552993,18.3437983,4.891808212,4.909449993
49,2013-09-15,4.95157558,17.36854812,14.56000534,14.22424718,14.75585213,17.34499251,17.74480407,5.334752586,5.364694209
50,2013-09-22,5.378953066,15.50020326,13.32615767,13.17487035,13.89574103,16.36573511,16.96622758,5.703688487,5.745646931
51,2013-09-29,5.886606711,15.40481892,13.97811116,13.75420584,14.52726248,16.34837607,17.05917756,6.151064641,6.185343412
52,2013-10-06,6.399517154,16.53000022,15.63301641,15.1891834,16.03787939,16.96180345,17.67088246,6.600569462,6.624028938
53,2013-10-13,6.468610755,16.82857956,16.53780336,15.95522666,16.86254023,16.84682263,17.47947145,6.605893573,6.619818111
54,2013-10-20,5.77668974,15.04759643,15.84288134,15.36014199,16.28357461,15.32311126,15.89073814,5.855705619,5.863922043
55,2013-10-27,4.711587019,12.13927731,14.37722353,14.19571787,15.10098487,13.34212706,13.92602899,4.741040453,4.745115232
56,2013-11-03,4.181543533,10.24443052,13.66970837,13.82847093,14.71071516,12.5908315,13.2769455,4.166896381,4.164313354
57,2013-11-10,4.716592194,10.48373055,14.32947751,14.75412222,15.63124614,13.80463056,14.63296746,4.657112121,4.644388958
58,2013-11-17,5.847222845,11.99183396,15.48582037,16.12800692,17.01899818,16.14190056,17.11799681,5.740082642,5.716672001
59,2013-11-24,6.542585185,13.02017138,15.77277924,16.30388707,17.08139118,17.00189968,17.5948829,6.388727341,6.356951287
60,2013-12-01,6.283050807,12.6351662,14.70523388,15.20890326,15.87102733,16.70169713,17.00922417,6.086988865,6.04855845
61,2013-12-08,5.572409348,11.21730047,13.07847847,13.58258954,14.12893925,15.46111211,15.64017256,5.336100114,5.289940193
62,2013-12-15,5.32408301,9.653042654,12.10163157,12.56465786,12.99952959,13.95449301,14.17045164,5.043731077,4.987710579
63,2013-12-22,5.852846144,8.502274106,12.30485319,12.68357373,13.01118027,12.75329532,13.13354847,5.524859648,5.458774417
64,2013-12-29,6.618374214,7.97055237,13.27488639,13.57931191,13.79950567,12.27018973,12.89318637,6.248477915,6.17421815
65,2014-01-05,6.928876156,8.208372726,14.27178642,14.54332295,14.65292915,12.79354326,13.70624937,6.531930838,6.450761716
66,2014-01-12,6.69389248,9.195284319,14.9312565,15.1837084,15.18032624,14.22318719,15.46254139,6.281419818,6.19212825
67,2014-01-19,6.360165035,10.42612145,15.3849778,15.58941559,15.47346002,15.89938025,17.50512463,5.928514787,5.828764226
68,2014-01-26,6.239671388,11.18572323,15.8869056,16.01231517,15.78853148,15.7138955,17.01604068,5.780535188,5.681769956
69,2014-02-02,6.155804324,11.38849764,16.46899717,16.53266866,16.21400744,15.12447759,16.18659118,5.664609081,5.567097291
70,2014-02-09,5.826371395,11.8973287,16.99023117,17.03812183,16.64888239,15.09471316,15.98723616,5.325099533,5.228153125
71,2014-02-16,5.39156376,13.61794552,17.37258944,17.42925525,17.00043685,16.42789156,17.20885494,4.923797308,4.824715477
72,2014-02-23,5.315198063,16.26004296,17.71290808,17.76200595,17.31814913,18.63440573,19.33263925,4.92216195,4.818146339
73,2014-03-02,5.755512705,18.37236349,18.16828542,18.18460732,17.73240451,20.18883742,20.80912855,5.455023705,5.345289643
74,2014-03-09,6.256268106,18.88691848,18.78723493,18.77380834,18.30379549,20.13107429,20.67970388,6.042776775,5.927331325
75,2014-03-16,6.23416517,18.45707579,19.47431996,19.45625549,18.95619517,19.23725086,19.74035497,6.09603867,5.972342838
76,2014-03-23,5.696555971,18.86802726,20.10594512,20.08973632,19.64251762,19.26471085,19.75348294,5.630802037,5.505922523
77,2014-03-30,5.269966783,21.0048256,20.6513396,20.61959496,20.22802449,20.96375271,21.43422167,5.280882846,5.152131619
78,2014-04-06,5.451469405,23.7023276,21.21754938,21.15254062,20.81596912,23.1070839,23.4903101,5.539491631,5.412743452
79,2014-04-13,5.982495254,24.92457816,21.93933733,21.85368013,21.56378129,23.74225678,23.91526255,6.138897512,6.027925753
80,2014-04-20,6.127283842,24.0227507,22.81213369,22.73971318,22.48801537,22.32836058,22.15698923,6.34107619,6.259509468
81,2014-04-27,5.534911494,22.50377348,23.6234511,23.5822425,23.36982015,20.36025592,19.73613822,5.802917702,5.756550637
82,2014-05-04,4.644047319,22.43548054,24.10428828,24.07963681,23.91599139,19.79624412,18.63936655,4.972319724,4.95952518
83,2014-05-11,4.152629838,24.32667415,24.21461499,24.18132133,24.07242272,21.08341139,19.3170986,4.548701757,4.567506708
84,2014-05-18,4.217199506,26.8327045,24.26616825,24.31827293,24.27866654,23.52134852,22.05449019,4.683010747,4.735652019
85,2014-05-25,4.350195141,28.41053114,24.64357634,24.77512047,24.78701912,25.02162629,23.74267435,4.882715037,4.971679359
86,2014-06-01,4.093888395,28.856303,25.34375,25.52466952,25.57069067,25.32537762,24.12940429,4.689661156,4.809861013
87,2014-06-08,3.600094166,29.0522515,25.83055095,26.00776264,26.07760621,25.20524783,24.01586344,4.255556307,4.39266807
88,2014-06-15,3.409712993,29.58069214,25.51692404,25.65620916,25.7443977,25.23455294,24.00916243,4.11617951,4.254547738
89,2014-06-22,3.754933333,30.10418789,24.47023378,24.58878107,24.69066077,25.20276348,23.92039198,4.49567657,4.628175278
90,2014-06-29,4.281645762,30.14680215,23.53505817,23.67709382,23.79044969,24.7369109,23.37849666,5.03711374,5.166926369
91,2014-07-06,4.512828581,29.960369,23.56573795,23.74490827,23.87369924,24.01088199,22.54468016,5.270396409,5.403650752
92,2014-07-13,4.423537918,30.13115406,24.46968319,24.65002602,24.80113067,23.42096401,21.80306546,5.182285899,5.320261608
93,2014-07-20,4.392856706,30.45326711,25.14516077,25.28724961,25.45997349,24.48505681,23.03517343,5.158795504,5.297598556
94,2014-07-27,4.635104399,29.77555328,24.54908661,24.66274121,24.84282492,24.42003105,23.12693914,5.411878958,5.549092209
95,2014-08-03,4.882464858,27.34093968,22.85350125,22.98215693,23.14954302,22.68698173,21.57470085,5.665832684,5.804539229
96,2014-08-10,4.736945553,24.028115,21.38799387,21.53957575,21.68279782,20.20163128,19.31221446,5.515907383,5.662306365
97,2014-08-17,4.221397554,21.75103666,21.29169657,21.40869564,21.52884487,18.73853197,18.10354659,4.982363895,5.140581654
98,2014-08-24,3.805454455,21.45774816,22.25495471,22.27703762,22.37562352,19.18047156,18.80841441,4.535354095,4.706095546
99,2014-08-31,3.877587356,22.04561715,22.7618232,22.71180549,22.77770593,20.58691155,20.47783873,4.565556314,4.749508369
100,2014-09-07,4.348323616,21.59875127,21.67827653,21.65100953,21.66588,21.23226206,21.39845082,4.987221071,5.187821364
101,2014-09-14,4.866033147,19.60375149,19.52471522,19.56059085,19.52140791,20.47065203,20.93069606,5.4524219,5.642215466
102,2014-09-21,5.296464304,17.53819822,18.02890038,18.00210753,17.93658325,19.28804735,20.03054333,5.829884563,6.009464512
103,2014-09-28,5.783011514,17.10209639,18.37655601,18.04081532,17.99447133,18.95260186,19.90669968,6.26200982,6.427716241
104,2014-10-05,6.320564179,18.14542107,19.9961019,19.17191232,19.17433193,19.42122506,20.47589972,6.742019556,6.89017112
105,2014-10-12,6.505778402,18.74003888,21.1603611,19.88739306,19.92863907,19.40584371,20.47472801,6.868491485,6.999557451
106,2014-10-19,5.944949929,17.32742182,20.75170965,19.25353533,19.29332122,17.98710342,19.06534784,6.253382574,6.371082131
107,2014-10-26,4.88519882,14.47136824,19.32592011,17.82416408,17.82445627,15.83992186,17.00042295,5.147932819,5.254520662
108,2014-11-02,4.19687351,12.26146464,18.41172146,16.97575506,16.92615172,14.64722585,15.98012922,4.420361119,4.513936529
109,2014-11-09,4.588753718,12.13313277,18.87135903,17.4368188,17.34360141,14.82126423,15.87742696,4.7310185,4.8079278
110,2014-11-16,5.728168096,13.5451605,20.06286441,18.5679546,18.45138162,16.35727366,17.14480123,5.786257627,5.845289301
111,2014-11-23,6.609352528,14.77021502,20.59246977,19.06803988,18.9371814,17.78476724,18.32397541,6.583311634,6.626485581
112,2014-11-30,6.552978315,14.64445929,19.75153718,18.28227455,18.13600182,18.11478359,18.49002672,6.447048385,6.476445317
113,2014-12-07,5.895471756,13.34872855,18.1434088,16.77127686,16.60839417,17.40975665,17.7705154,5.712520852,5.727541198
114,2014-12-14,5.556537345,11.75783407,16.99441366,15.68668215,15.51085924,16.31645456,16.83073983,5.293621828,5.292077199
115,2014-12-21,6.00902595,10.5154502,17.00689443,15.71487708,15.5307873,15.44161863,16.24554298,5.661773299,5.642989404
116,2014-12-28,6.833743847,9.86508035,17.90834012,16.63187236,16.44020738,15.21771927,16.39769479,6.405826326,6.371474379
117,2015-01-04,7.397325211,9.977624928,18.95592663,17.73514473,17.52154365,14.51077992,15.43599238,6.801793322,6.75346535
118,2015-01-11,7.377888507,10.87324491,19.68913561,18.54593353,18.30763895,14.77105915,15.47903567,6.627995881,6.564910592
119,2015-01-18,7.169200057,12.13763346,20.17086188,19.08184596,18.81869591,15.42418467,15.9535522,6.264266842,6.184087751
120,2015-01-25,7.153916866,13.03723361,20.66250379,19.59625651,19.31202213,15.69641706,16.09478763,6.080355375,5.981711741
121,2015-02-01,7.232964449,13.3190809,21.24657893,20.21180589,19.91762897,15.4729593,15.80154337,5.98281717,5.8658812
122,2015-02-08,7.095775188,13.70982393,21.79720098,20.83827016,20.55646438,15.60769893,15.93686409,5.685903589,5.550318466
123,2015-02-15,6.791023913,15.21144271,22.20992547,21.35824774,21.11941789,17.03610323,17.42770076,5.262587952,5.105944471
124,2015-02-22,6.764950161,17.79719285,22.55349112,21.79883809,21.62975098,19.53251713,20.02100221,5.161555546,4.980863479
125,2015-03-01,7.273950664,20.13931267,22.98821269,22.30351603,22.21438257,21.66095796,22.25387074,5.618291603,5.412380173
126,2015-03-08,8.082846319,21.05786658,23.58976278,22.97197152,22.94835917,22.23369133,22.64975723,6.451947657,6.25574803
127,2015-03-15,8.445575156,20.78627215,24.28325304,23.75598818,23.78505994,21.7111456,21.97293416,6.827464223,6.639065521
128,2015-03-22,8.233795423,21.04094912,24.93541563,24.51433219,24.59049348,21.81246338,21.95302105,6.623512062,6.437871851
129,2015-03-29,8.004078377,23.00966682,25.49530114,25.16695312,25.29250648,23.59741662,23.62212043,6.405353893,6.218795073
130,2015-04-05,8.340866015,25.87343588,26.05026441,25.79406005,25.96962034,26.16067201,26.01268881,6.755563745,6.572222679
131,2015-04-12,9.129177118,27.58287,26.74241485,26.56484996,26.7831987,27.51472579,27.07808541,7.550005086,7.382687776
132,2015-04-19,9.659288555,27.11393969,27.60222831,27.53590462,27.78774333,26.75235859,25.89148165,8.074824693,7.937893645
133,2015-04-26,9.45587152,25.6487828,28.45000686,28.51813851,28.80250539,25.06927106,23.66987557,7.861099017,7.761997647
134,2015-05-03,8.893177642,25.50884448,29.0066168,29.19964673,29.49389524,24.54537108,23.39629548,7.231183453,7.169183035
135,2015-05-10,8.626856038,27.39801813,29.17307947,29.46524478,29.77695467,25.94465536,24.97075276,6.90559378,6.878246284
136,2015-05-17,8.946009581,30.2166212,29.20400383,29.58158056,29.90601833,28.19883662,27.30863141,7.168605645,7.177439026
137,2015-05-24,9.442873681,32.30906108,29.50772106,29.96610769,30.28663528,29.71437711,28.79786813,7.606847871,7.654899943
138,2015-05-31,9.595320591,33.19390071,30.17787634,30.69263376,30.99104411,29.97563444,28.92479504,7.697070859,7.781017364
139,2015-06-07,9.437270006,33.65323982,30.7552389,31.27510394,31.53978459,29.6536923,28.38607426,7.473532904,7.580348987
140,2015-06-14,9.489188919,34.4117056,30.60615701,31.08999442,31.31498949,29.43752941,27.90498641,7.452589472,7.566036096
141,2015-06-21,10.08107061,35.27020382,29.64591302,30.10170249,30.28227936,29.23809584,27.41718786,7.956183248,8.067162337
142,2015-06-28,10.95572794,35.89588188,28.61456648,29.08586647,29.2190349,30.34463962,28.79442477,8.932163595,9.01234968
143,2015-07-05,11.59791737,36.19326098,28.44478356,28.95406898,29.04263552,31.11935681,29.81084058,9.661205145,9.716904357
144,2015-07-12,11.88284608,36.77217845,29.25431689,29.77260788,29.82359886,31.98636849,30.87695668,10.03006764,10.06369885
145,2015-07-19,12.15286522,37.62629001,30.0681264,30.55198074,30.56681272,32.83402644,31.88227964,10.38946585,10.39788206
146,2015-07-26,12.69259458,37.70756202,29.73051373,30.17970584,30.14638175,32.73887142,31.92741134,11.02324009,11.0033252
147,2015-08-02,13.31229367,36.06479054,28.1548611,28.61135441,28.50976818,30.97781566,30.32494602,11.73423636,11.68808009
148,2015-08-09,13.59144018,33.26524089,26.53774863,27.0204348,26.83679871,28.19680566,27.74347456,12.09459935,12.02824257
149,2015-08-16,13.45468274,31.17011042,26.1709192,26.63185471,26.36553839,26.1345304,25.91588231,12.02564557,11.94385437
150,2015-08-23,13.32140795,31.03798148,27.03837502,27.41039266,27.06406874,25.95169326,25.97995563,11.94686584,11.85079395
151,2015-08-30,13.63782456,32.24062537,27.74526455,28.10002688,27.75180975,27.01203095,27.2869531,12.46018883,12.34007665
152,2015-09-06,14.4018651,32.70375205,26.96116895,27.38764957,27.01909225,27.58758876,28.11862423,13.4132318,13.27202974
153,2015-09-13,15.27126126,31.54500612,24.88755357,25.44684889,25.05046975,26.73911917,27.54581922,14.46810935,14.31017027
154,2015-09-20,16.05012365,29.96320846,23.14776508,23.74592045,23.3439761,25.21710672,26.29645938,15.43182698,15.25859372
155,2015-09-27,16.85567912,29.80178218,23.15469136,23.55554072,23.19258936,24.38057393,25.67264622,16.42113957,16.22950433
156,2015-10-04,17.74320049,31.31559013,24.66210451,24.65927781,24.37021279,24.47694218,25.87394163,17.48943106,17.27531944
157,2015-10-11,18.36939675,32.77161618,26.03064097,25.62105785,25.40334747,24.34669205,25.75256378,18.29449903,18.05753249
158,2015-10-18,18.2869245,32.3676078,25.91174729,25.29748157,25.11418311,22.87485909,24.26836513,18.39426927,18.13789084
159,2015-10-25,17.60219449,30.25750115,24.56312778,23.98114143,23.7943055,20.41473485,21.73735362,17.90146483,17.68303933
160,2015-11-01,17.11859267,28.40263481,23.45580951,23.00658273,22.80017443,18.60966148,19.95373191,17.617086,17.4354152
161,2015-11-08,17.61230094,28.50727897,23.67536315,23.31016393,23.09618792,18.69328744,20.11749781,18.31136573,18.16277455
162,2015-11-15,18.98021785,30.38324831,24.83609416,24.48280478,24.28224043,20.3475735,21.86446999,19.87700013,19.75963956
163,2015-11-22,20.27841925,32.38614679,25.57181061,25.24399985,25.06833166,22.15572885,23.77873789,21.37211048,21.28758307
164,2015-11-29,20.69222452,33.14801391,24.9667377,24.74668393,24.59591441,22.96579983,24.76599478,21.98659183,21.93724997
165,2015-12-06,20.37528692,32.6255379,23.40763309,23.35029161,23.22259008,22.66507444,24.78280812,21.87394341,21.85970383
166,2015-12-13,20.21710456,31.64922352,22.09800401,22.18158352,22.07984462,21.85086863,24.45508449,21.9181087,21.93683817
167,2015-12-20,20.83308956,30.9422267,21.89732023,22.06996638,21.99914542,21.16147916,23.09744354,22.73162877,22.78258974
168,2015-12-27,21.94599527,30.79857032,22.69211192,22.94314973,22.90479723,21.0534108,22.41602411,24.0437772,24.12833376
169,2016-01-03,22.80864682,31.37268626,23.76279849,24.12911088,24.12069925,21.87430664,22.71904615,25.11819709,25.23818552
170,2016-01-10,23.07260218,32.74796521,24.56053129,25.07114327,25.08963453,23.70331352,24.06874394,25.6084305,25.76353197
171,2016-01-17,23.05590997,34.60443234,25.06745036,25.70586299,25.750549,26.06342907,25.98730022,25.82032853,26.00829868
172,2016-01-24,23.19508117,36.21865979,25.54337631,26.27531241,26.34909276,28.15703704,27.68489603,26.17582568,26.39498567
173,2016-01-31,23.47860147,37.18919089,26.11659651,26.94200542,27.05435673,29.69780619,28.8883823,26.66500358,26.91535336
174,2016-02-07,23.58836164,38.08224572,26.6847387,27.64464624,27.81581445,31.39915994,30.32215003,26.99215064,27.27360808
175,2016-02-14,23.48304275,39.94938674,27.1222071,28.25386098,28.51364425,34.28429636,33.00470602,27.14220012,27.45270099
176,2016-02-21,23.4084627,43.01674831,27.46316275,28.76677673,29.02000456,38.56278464,36.94674727,26.80929657,27.14544025
177,2016-02-28,23.86520126,46.12775753,27.86831912,29.31643829,29.57680245,42.76538575,40.82401135,27.03515046,27.39536284
178,2016-03-06,24.60010565,47.86389357,28.43829112,30.02186569,30.28452501,45.52676051,43.26257301,27.54052752,27.9249012
179,2016-03-13,24.98293659,48.2138604,29.12201721,30.86191217,31.11387436,46.9785118,44.41025817,27.68209658,28.08930214
180,2016-03-20,24.75674503,48.75744618,29.78574507,31.7016915,31.9355944,48.73387909,45.89497119,27.2077917,27.63317422
181,2016-03-27,24.38478317,50.93238314,30.35595818,32.43925437,32.65654829,52.11559499,49.01955433,26.59049691,27.0296191
182,2016-04-03,24.51286384,54.29292009,30.89750765,33.12594059,33.32828232,56.57118503,53.17338649,26.4762757,26.93157064
183,2016-04-10,25.1732571,56.85600766,31.55412214,33.92803351,34.10951839,60.15444982,56.34729643,26.8886914,27.371751
184,2016-04-17,25.55248364,57.26421096,32.38204869,34.79607953,34.99601803,61.9576314,59.14788951,27.12309623,27.48539147
185,2016-04-24,25.22983744,56.33079157,33.24367903,35.72544868,35.94089395,62.50311121,60.57087935,26.6488884,26.89946988
186,2016-05-01,24.37797885,56.19932336,33.85946212,36.40513055,36.64358191,63.84547908,62.702603,25.64879095,25.7880602
187,2016-05-08,23.70399537,58.09690982,34.07784474,36.66212404,36.9323768,67.11743855,66.68943224,24.83466218,24.85990071
188,2016-05-15,23.6201146,61.22082843,34.09269419,36.69871682,36.99861399,71.52913233,71.72841538,24.61493107,24.52687101
189,2016-05-22,23.81933188,63.8632282,34.31661516,36.94005966,37.25447974,75.44027117,76.15910229,24.67653773,24.47848638
190,2016-05-29,23.73906641,65.26709573,34.93116091,37.55291669,37.86310941,78.08110343,79.20916085,24.45496898,24.14524245
191,2016-06-05,23.2926902,66.06639198,35.56681662,38.13874858,38.43174042,79.97867722,81.4277395,23.8641639,23.43126108
192,2016-06-12,22.86586932,67.07428464,35.5640158,37.95142201,38.24926058,81.90957996,83.62561818,23.37672876,22.99172317
193,2016-06-19,22.96198503,68.27518551,34.70100163,36.90219602,37.20009098,83.92359434,85.88005399,23.39823075,23.05017816
194,2016-06-26,23.4160697,69.10716907,33.59162687,35.64747667,35.94182169,85.59473557,87.77407302,23.75808534,23.44697599
195,2016-07-03,23.7146165,69.53075033,33.21140715,35.1521153,35.44452391,86.87635887,89.25223408,23.94630364,23.67832327
196,2016-07-10,23.63592396,70.13842652,33.87809989,35.68299152,35.9802928,88.18747924,90.71910761,23.75225283,23.53090512
197,2016-07-17,23.46660869,71.10784401,34.77524195,36.39866024,36.70409735,89.56875804,92.21282307,23.47213948,23.29499502
198,2016-07-24,23.5465778,71.53347123,34.67825351,36.10991764,36.41393602,90.19929858,92.93267955,23.44677382,23.31020087
199,2016-07-31,23.77297385,70.32137399,33.24986987,34.52792433,34.81088102,89.21413473,92.04897849,23.56659435,23.47164111
200,2016-08-07,23.72349624,67.72043409,31.51223648,32.66491959,32.91095295,86.98057103,89.95573327,23.40152037,23.35388131
201,2016-08-14,23.22995221,65.27874054,30.86027069,31.85086436,32.05727232,83.12421347,85.79173596,22.90321934,22.853184
202,2016-08-21,22.64463212,64.70789238,31.56875809,32.32654905,32.49663898,81.05849906,83.43471888,22.29964969,22.24892615
203,2016-08-28,22.45447627,65.61602942,32.41444166,32.92675571,33.0545167,80.4761984,82.56136765,22.07942135,22.02821069
204,2016-09-04,22.74892676,66.11730476,31.92216077,32.26819557,32.33580695,79.71358405,81.51438314,22.33516801,22.2858919
205,2016-09-11,23.21281371,64.99795182,29.97079832,30.22782328,30.22401547,77.56985232,79.10565637,22.75607059,22.71312709
206,2016-09-18,23.59464319,63.12606412,28.02208842,28.12834721,28.06968056,74.52138124,75.79633634,23.09400393,23.05962524
207,2016-09-25,23.97167943,62.40918463,27.66526343,27.40066088,27.32962475,71.95685595,72.92220969,23.42634779,23.39810547
208,2016-10-02,24.44693655,63.49285684,28.98883462,28.12618795,28.08202066,70.4038295,70.95706107,23.85416392,23.82775665
209,2016-10-09,24.74735775,64.81014654,30.50035009,29.14500166,29.12612797,69.49724832,69.38828236,24.10469812,24.07890354
210,2016-10-16,24.395684,64.48365217,30.66629586,28.99286061,28.96673962,67.36367899,66.5551961,23.70540739,23.68323436
211,2016-10-23,23.36334308,62.25179741,29.4322178,27.68647324,27.61030109,64.07404297,62.61605869,22.63314049,22.61790715
212,2016-10-30,22.36142168,59.87465327,28.15525914,26.4684453,26.32064213,61.12623731,59.1110737,21.59925718,21.59052511
213,2016-11-06,22.24540534,59.26825461,28.10692804,26.45003758,26.2386143,59.94661589,57.44187706,21.45378366,21.44801051
214,2016-11-13,23.10059279,60.61388906,29.17504518,27.46944278,27.21546442,60.50864935,57.53297176,22.27698336,22.27173944
215,2016-11-20,24.07908629,62.41145575,30.07121284,28.31249001,28.02980946,61.49734194,58.05923562,23.22191949,23.21829162
216,2016-11-27,24.26050414,63.12462656,29.70190498,27.96647983,27.6565843,61.62386573,57.7815115,23.37290173,23.37339976
217,2016-12-04,23.60740305,62.46837701,28.21972029,26.57381895,26.23446902,60.58733388,56.47053774,22.69352309,22.69859532
218,2016-12-11,22.94326978,61.19393377,26.76469224,25.19918029,24.83238886,58.91187292,54.68869184,22.00226167,22.00994145
219,2016-12-18,23.00437408,60.09402215,26.33206012,24.79446373,24.40527033,57.2619181,53.08397951,22.03132081,22.04010489
220,2016-12-25,23.67077099,59.52520501,26.98094888,25.45027008,25.04106593,56.1211217,52.09220178,22.66557859,22.67645082
221,2017-01-01,24.21324927,59.64621613,28.04235015,26.55012612,26.11890569,55.85747496,52.03845589,23.1867832,23.20172935
222,2017-01-08,24.16513832,60.57261737,28.89099905,27.47203827,27.0155756,56.62350693,53.05450082,23.13265971,23.15183273
223,2017-01-15,23.74877255,62.07735397,29.41874714,28.06446293,27.58153247,58.04669335,54.76483023,22.71548793,22.73682666
224,2017-01-22,23.43418842,63.47273914,29.86939776,28.54452955,28.03725396,59.33496299,56.38391129,22.38971375,22.41127154
225,2017-01-29,23.30280461,64.23281896,30.41393097,29.10990803,28.58625324,60.0487559,57.48471578,22.23448923,22.25602884
226,2017-02-05,23.05027339,64.74723115,30.98113506,29.73402092,29.2121409,60.73740691,58.62888161,21.96485579,21.98649947
227,2017-02-12,22.55164845,66.0704227,31.43081355,30.28238445,29.79090696,62.46564579,60.88008618,21.48327297,21.50333575
228,2017-02-19,22.15696889,68.66063711,31.76766389,30.72234531,30.29112994,65.51728293,64.50024001,21.15152629,21.16690647
229,2017-02-26,22.26866245,71.57160645,32.1396826,31.17117527,30.81726407,68.78182663,68.34868876,21.35805671,21.36678473
230,2017-03-05,22.74890199,73.29658696,32.66917654,31.76283286,31.48427131,70.77214333,70.92483765,21.93868297,21.94072166
231,2017-03-12,22.98429669,73.49604518,33.33139726,32.50418807,32.28831098,71.29116073,72.04458425,22.26359596,22.25812286
232,2017-03-19,22.60187204,73.55205594,33.997064,33.27180452,33.10958714,71.78378608,73.17052724,21.96209969,21.9449669
233,2017-03-26,21.95248541,75.09030064,34.5727835,33.94605994,33.83778674,73.77938459,75.81977787,21.3951264,21.36137153
234,2017-04-02,21.7148819,78.05007849,35.0989123,34.54819945,34.49628837,77.09501194,79.7564673,21.24381477,21.19425298
235,2017-04-09,22.06590859,80.59111,35.715293,35.23503829,35.23503118,79.89998223,83.08448426,21.67718055,21.62198424
236,2017-04-16,22.43408554,81.07725575,36.51093399,36.12745278,36.16953045,80.67539232,84.24882184,22.11653642,22.07062918
237,2017-04-23,22.15882596,79.92307873,37.38106834,37.1253451,37.20470983,79.89820497,83.7355699,21.90417849,21.87811818
238,2017-04-30,21.26506425,79.19121795,38.05484524,37.92913825,38.05177683,79.55932955,83.56735632,21.07496372,21.07048104
239,2017-05-07,20.42000583,80.41676105,38.3359923,38.31658774,38.49207939,81.08881035,85.19273681,20.30238281,20.31672456
240,2017-05-14,20.14398557,83.13453693,38.35360232,38.42064018,38.64933739,84.01387055,88.12977441,20.1042322,20.1373046
241,2017-05-21,20.2474896,85.65024069,38.50887647,38.65730139,38.92593237,86.70831771,90.73133189,20.28472259,20.33983217
242,2017-05-28,20.15364876,86.94585876,39.05964277,39.27511462,39.564713,88.16230898,91.98066022,20.26417882,20.34110671
243,2017-06-04,19.65822361,87.46379934,39.73490961,39.97349205,40.26972962,88.7205721,92.24066661,19.83893035,19.92786641
244,2017-06-11,19.1696431,88.11349122,39.88373787,40.09486921,40.39032103,89.21260142,92.37429176,19.41530053,19.49993013
245,2017-06-18,19.16619239,89.03030993,39.15277707,39.32504927,39.61484483,89.83707904,92.61007358,19.46429577,19.53201677
246,2017-06-25,19.59232417,89.66599857,38.01343803,38.18313176,38.46320565,90.18805379,92.55469308,19.9237097,19.97263573
247,2017-07-02,19.95050016,89.83708207,37.44831328,37.65190791,37.92269691,90.10970262,92.04610451,20.29770526,20.33358873
248,2017-07-09,19.92977479,90.08047231,37.95790062,38.18394759,38.45177742,89.98491275,91.45249896,20.28560511,20.3129241
249,2017-07-16,19.74452884,90.73267346,38.90930396,39.11211346,39.38172098,89.98819954,90.94255414,20.11235719,20.12957218
250,2017-07-23,19.77206826,91.06200099,39.05458307,39.21431587,39.47867638,89.42985625,89.84264559,20.15789709,20.16106992
251,2017-07-30,20.00089307,89.88694299,37.82287272,37.97176406,38.21218805,87.34903942,87.22596885,20.40496087,20.39409375
252,2017-08-06,20.02759714,87.14439123,36.02760055,36.20121669,36.400106,83.83697358,83.21385612,20.44207473,20.42233448
253,2017-08-13,19.6007172,84.39533517,35.11434425,35.28824437,35.4405728,80.38906141,79.30626719,20.01289177,19.99004667
254,2017-08-20,18.99154316,83.35761698,35.6350244,35.73825161,35.84740762,78.58321247,77.06139807,19.38779822,19.36418998
255,2017-08-27,18.7086646,84.02377484,36.58150162,36.58520961,36.64764804,78.45322167,76.49396119,19.0767702,19.05255458
256,2017-09-03,18.93297437,84.63943968,36.39034437,36.36071579,36.35988118,78.4639985,76.07145705,19.26361498,19.24067685
257,2017-09-10,19.3934914,83.70963926,34.62610511,34.65171836,34.57331157,77.19613602,74.38855138,19.68159697,19.66423002
258,2017-09-17,19.79273861,81.73484872,32.53794304,32.58845467,32.44329301,74.82451637,71.6118502,20.03699745,20.02813228
259,2017-09-24,20.15687583,80.60501901,31.8343157,31.71092226,31.53841973,72.70435362,69.04895177,20.35671733,20.35470342
260,2017-10-01,20.62169107,81.32604636,32.93570424,32.39698601,32.23964822,71.62047447,67.42688353,20.77468303,20.77516868
261,2017-10-02,20.69047379,81.53572956,33.17885652,32.56820236,32.41502954,71.52200069,67.24205942,20.83649737,20.83706722
262,2017-10-03,20.75654138,81.75488369,33.42737371,32.74358826,32.59472115,71.42591964,67.05736031,20.89553579,20.89615885
263,2017-10-04,20.81836371,81.97654197,33.67538288,32.91802088,32.77346799,71.32751807,66.86818951,20.95027655,20.95093712
264,2017-10-05,20.874311,82.19361047,33.91709759,33.08647215,32.9461101,71.22203503,66.66993456,20.99910056,20.99979849
265,2017-10-06,20.92269862,82.39904913,34.14694981,33.2441258,33.10770208,71.10479727,66.4581008,21.04033605,21.04108659
266,2017-10-07,20.96183616,82.58605147,34.35971592,33.38648848,33.25362668,70.97135268,66.228442,21.0723075,21.07314068
267,2017-10-08,20.99007945,82.74821823,34.55063387,33.50949253,33.37969986,70.81759786,65.97708487,21.09338731,21.09434697
268,2017-10-09,21.00588383,82.87972052,34.71550859,33.60958802,33.48226491,70.63989672,65.70064379,21.10204881,21.1031912
269,2017-10-10,21.00785721,82.97544808,34.85080341,33.68382177,33.55827345,70.43518669,65.39632291,21.09691894,21.098311
270,2017-10-11,20.99481123,83.03113916,34.95371527,33.72990173,33.6053514,70.20106986,65.06200271,21.07682897,21.07854636
271,2017-10-12,20.96580894,83.04348841,35.02223206,33.74624512,33.62184854,69.93588663,64.69630885,21.04086174,21.04298655
272,2017-10-13,20.92020736,83.01023036,35.05517095,33.73200947,33.60687048,69.63877003,64.29866152,20.98839377,20.99101217
273,2017-10-14,20.85769359,82.93019626,35.05219672,33.68710577,33.56029261,69.30967922,63.86930396,20.91913084,20.92233058
274,2017-10-15,20.77831309,82.80334323,35.01382009,33.61219362,33.48275558,68.9494115,63.40930951,20.83313584,20.83700373
275,2017-10-16,20.68248916,82.63075479,34.941376,33.50865874,33.37564274,68.55959262,62.92056711,20.73084778,20.7354672
276,2017-10-17,20.5710326,82.41461337,34.83698265,33.37857331,33.24104018,68.14264562,62.40574571,20.61309104,20.61853961
277,2017-10-18,20.44514114,82.15814543,34.70348239,33.22464037,33.08168045,67.70173927,61.86823854,20.48107442,20.48742184
278,2017-10-19,20.30638829,81.86554085,34.54436615,33.05012375,32.90087148,67.24071758,61.31208898,20.33637967,20.34368577
279,2017-10-20,20.15670149,81.5418491,34.36368311,32.85876521,32.70241242,66.76401225,60.74189996,20.18093942,20.18925252
280,2017-10-21,19.99833004,81.19285478,34.1659382,32.65469098,32.49049872,66.27654055,60.16272928,20.01700493,20.02636057
281,2017-10-22,19.83380337,80.82493608,33.9559798,32.44231003,32.2696186,65.78359133,59.57997389,19.84710424,19.85752423
282,2017-10-23,19.66588036,80.44490994,33.73888045,32.22620646,32.04444358,65.29070222,58.99924598,19.67399157,19.68548348
283,2017-10-24,19.49749121,80.05986795,33.51981357,32.01102874,31.81971571,64.80353124,58.42624426,19.5005892,19.51314622
284,2017-10-25,19.33167296,79.67700724,33.30392907,31.80137843,31.60013421,64.32772621,57.86662373,19.32992322,19.34352444
285,2017-10-26,19.17150034,79.30346088,33.09623092,31.60170102,31.3902442,63.86879524,57.3258673,19.16505465,19.17966575
286,2017-10-27,19.02001391,78.94613186,32.90145948,31.41618149,31.19433023,63.43198163,56.80916255,19.00900786,19.02458212
287,2017-10-28,18.88014696,78.61153499,32.72398155,31.24864698,31.01631694,63.02214626,56.32128659,18.86469798,18.88117769
288,2017-10-29,18.7546536,78.30565045,32.56769034,31.10247889,30.85967929,62.64366039,55.86650195,18.73485935,18.75217746
289,2017-10-30,18.64603948,78.03379264,32.43591802,30.98053628,30.72736425,62.3003114,55.44846592,18.62197687,18.64005888
290,2017-10-31,18.5564975,77.80049723,32.33136248,30.88509238,30.62172586,61.99522352,55.07015537,18.52822214,18.54698821
291,2017-11-01,18.48784989,77.60942905,32.25603005,30.81778545,30.54447475,61.73079551,54.7338088,18.4553962,18.47476338
292,2017-11-02,18.44149866,77.46331267,32.21119527,30.77958518,30.49664347,61.50865633,54.44088669,18.40488049,18.42476494
293,2017-11-03,18.41838556,77.36388696,32.19737851,30.77077496,30.47856807,61.32963965,54.19205079,18.37759739,18.39791666
294,2017-11-04,18.41896301,77.31188436,32.21434169,30.79095051,30.48988618,61.19377749,53.98716258,18.3739816,18.3946568
295,2017-11-05,18.44317669,77.30703476,32.26110199,30.8390346,30.52955147,61.1003126,53.82530037,18.39396329,18.41492114
296,2017-11-06,18.49046057,77.34809328,32.33596297,30.91330729,30.59586395,61.04772897,53.70479441,18.43696347,18.45813812
297,2017-11-07,18.55974464,77.43289085,32.4365622,31.01145081,30.68651515,61.03379915,53.62327845,18.50190205,18.5232367
298,2017-11-08,18.6494752,77.55840553,32.55993384,31.13060787,30.79864691,61.05564691,53.57775626,18.58721839,18.60866659
299,2017-11-09,18.7576474,77.72085235,32.70258474,31.26745178,30.92892228,61.10982305,53.5646809,18.69090402,18.71243066
300,2017-11-10,18.88184937,77.91578886,32.86058184,31.41826666,31.07360661,61.19239229,53.58004449,18.81054673,18.83212867
301,2017-11-11,19.01931669,78.13823332,33.02964871,31.57903559,31.22865686,61.29902864,53.61947588,18.94338512,18.96501148
302,2017-11-12,19.16699618,78.38279195,33.20526886,31.74553479,31.38981685,61.42511665,53.67834346,19.08637211,19.10804417
303,2017-11-13,19.32161712,78.64379206,33.38279309,31.91343116,31.55271618,61.5658557,53.75186057,19.236246,19.25797679
304,2017-11-14,19.47976836,78.9154172,33.55754859,32.07838121,31.71297048,61.71636482,53.83519051,19.38960722,19.41142071
305,2017-11-15,19.63797923,79.19184089,33.7249468,32.23612891,31.86628053,61.87178525,53.92354871,19.54299879,19.56492885
306,2017-11-16,19.79280219,79.46735567,33.88058783,32.38260014,32.0085281,62.02737821,54.01229957,19.69298855,19.71507754
307,2017-11-17,19.94089516,79.73649416,34.02035888,32.51399176,32.1358662,62.17861588,54.09704558,19.83625086,19.85854813
308,2017-11-18,20.07910131,79.99413946,34.14052448,32.62685316,32.2448019,62.32126321,54.17370707,19.9696459,19.99220598
309,2017-11-19,20.20452437,80.23562237,34.23780655,32.71815877,32.33226974,62.45144931,54.23859064,20.09029432,20.11317505
310,2017-11-20,20.31459734,80.45680345,34.30945269,32.78536969,32.3956944,62.56572673,54.28844534,20.19564533,20.21890598
311,2017-11-21,20.40714295,80.65413852,34.35329115,32.82648355,32.43304124,62.66111798,54.32050552,20.28353666,20.30723595
312,2017-11-22,20.48042429,80.82472648,34.36777166,32.84007148,32.44285386,62.73514866,54.33252006,20.35224456,20.37643881
313,2017-11-23,20.53318423,80.96633908,34.35199125,32.82530158,32.42427805,62.78586702,54.3227679,20.40052273,20.42526409
314,2017-11-24,20.56467264,81.07743272,34.30570489,32.78194879,32.37707176,62.8118503,54.29006017,20.42762914,20.45296402
315,2017-11-25,20.57466081,81.15714277,34.22932099,32.71039102,32.30160141,62.81219849,54.23372972,20.43334011,20.45930777
316,2017-11-26,20.56344259,81.20526158,34.12388217,32.61159202,32.19882458,62.78651631,54.15360908,20.41795118,20.4445826
317,2017-11-27,20.53182238,81.2222015,33.99103212,32.48707165,32.07026006,62.73488487,54.0499981,20.38226498,20.40958204
318,2017-11-28,20.48109023,81.20894481,33.83296958,32.33886457,31.91794607,62.65782436,53.92362301,20.32756628,20.35558119
319,2017-11-29,20.41298483,81.16698279,33.65239091,32.16946837,31.74438795,62.5562494,53.77558841,20.25558511,20.28430018
320,2017-11-30,20.32964533,81.09824602,33.45242275,31.98178288,31.55249678,62.43141904,53.60732432,20.16844878,20.19785653
321,2017-12-01,20.2335534,81.00502868,33.23654666,31.77904188,31.34552048,62.28488306,53.42052991,20.06862425,20.0987078
322,2017-12-02,20.12746704,80.88990922,33.00851769,31.56473935,31.1269692,62.1184265,53.21711609,19.95885237,19.98958611
323,2017-12-03,20.01434789,80.75566998,32.7722789,31.34255171,30.90053696,61.93401431,52.99914852,19.84207575,19.87342636
324,2017-12-04,19.89728417,80.6052183,32.53187397,31.11625824,30.67002115,61.73373758,52.76879298,19.72136224,19.75328983
325,2017-12-05,19.77941101,80.44151118,32.29135997,30.88966127,30.43924209,61.51976317,52.52826438,19.59982601,19.63228553
326,2017-12-06,19.6638306,80.26748568,32.05472222,30.66650813,30.21196429,61.2942877,52.27978092,19.48054834,19.51349113
327,2017-12-07,19.55353404,80.08599679,31.82579341,30.45041655,29.99182117,61.05949724,52.02552432,19.36650029,19.3998757
328,2017-12-08,19.45132709,79.89976409,31.60817839,30.24480505,29.78224496,60.81753334,51.76760679,19.26046909,19.29422615
329,2017-12-09,19.35976156,79.71132827,31.40518653,30.05282977,29.58640308,60.57046595,51.50804546,19.16499038,19.19907948
330,2017-12-10,19.28107441,79.52301818,31.21977278,29.87732898,29.40714233,60.32027334,51.24874408,19.08228785,19.11666233
331,2017-12-11,19.21713566,79.33692866,31.05448856,29.72077635,29.24694186,60.06882914,50.99148221,19.0142219,19.04883956
332,2017-12-12,19.16940686,79.15490888,30.91144343,29.58524356,29.10787579,59.81789592,50.73791113,18.96224852,18.99707294
333,2017-12-13,19.13891075,78.97856089,30.79227782,29.47237304,28.99158581,59.56912481,50.4895561,18.92738942,18.96239109
334,2017-12-14,19.12621293,78.80924737,30.69814738,29.38336091,28.89926433,59.32406035,50.24782383,18.91021403,18.94537125
335,2017-12-15,19.13141589,78.64810742,30.62971862,29.31895026,28.83164786,59.08414956,50.01401435,18.91083364,18.94613314
336,2017-12-16,19.1541653,78.49607915,30.58717568,29.27943448,28.78902069,58.850754,49.7893358,18.92890774,18.96434508
337,2017-12-17,19.19366836,78.35392734,30.57023768,29.26467021,28.77122817,58.62516378,49.57492108,18.96366222,18.99924184
338,2017-12-18,19.24872333,78.22227448,30.57818569,29.27409935,28.77769909,58.40861213,49.371845,19.01391869,19.04965365
339,2017-12-19,19.31775952,78.10163353,30.60989847,29.30677905,28.80747617,58.2022893,49.18114058,19.07813391,19.11404547
340,2017-12-20,19.39888624,77.99244054,30.66389568,29.3614189,28.85925368,58.00735479,49.00381342,19.15444832,19.19056514
341,2017-12-21,19.48994943,77.89508553,30.73838722,29.43642405,28.93142103,57.82494666,48.84085293,19.24074188,19.27709904
342,2017-12-22,19.58859416,77.80994001,30.83132738,29.52994303,29.0221111,57.65618717,48.69323967,19.33469579,19.37133359
343,2017-12-23,19.69233123,77.73737993,30.94047214,29.63991903,29.1292519,57.50218409,48.56194801,19.4338582,19.47082081
344,2017-12-24,19.79860598,77.6778028,31.06343825,29.76414321,29.2506203,57.36402712,48.44794359,19.535712,19.57304603
345,2017-12-25,19.90486727,77.63163828,31.19776251,29.90030876,29.38389645,57.24277927,48.35217559,19.63774288,19.67549576
346,2017-12-26,20.00863487,77.5993517,31.34095981,30.04606442,29.52671759,57.13946327,48.27556356,19.73750557,19.77572406
347,2017-12-27,20.1075632,77.58144027,31.49057862,30.19906624,29.67673001,57.05504326,48.21897941,19.83268663,19.87141525
348,2017-12-28,20.19949988,77.57842224,31.64425266,30.35702639,29.83163804,56.99040236,48.18322499,19.92116197,19.96044153
349,2017-12-29,20.28253737,77.59081941,31.79974771,30.5177581,29.98924907,56.94631688,48.16900605,20.00104764,20.04091393
350,2017-12-30,20.35505661,77.61913373,31.95500256,30.67921572,30.14751364,56.92342813,48.17690371,20.07074255,20.11122512
351,2017-12-31,20.41576121,77.66381916,32.1081635,30.83952939,30.30456005,56.92221305,48.20734455,20.12896205,20.17008329
352,2018-01-01,20.46370184,77.72525001,32.25761172,30.99703354,30.45872275,56.94295489,48.26057062,20.17476169,20.21653602
353,2018-01-02,20.49828989,77.80368726,32.40198332,31.150289,30.60856435,56.98571534,48.33661086,20.20755056,20.24998398
354,2018-01-03,20.51930059,77.8992444,32.54018188,31.29809847,30.75289089,57.05030945,48.43525529,20.22709417,20.27018395
355,2018-01-04,20.52686542,78.01185463,32.67138351,31.43951537,30.89076043,57.13628471,48.55603331,20.23350681,20.27724156
356,2018-01-05,20.52145446,78.14124091,32.79503487,31.57384603,31.02148511,57.24290573,48.69819754,20.22723415,20.2715941
357,2018-01-06,20.50384931,78.28689066,32.91084435,31.70064585,31.14462703,57.36914531,48.86071438,20.2090265,20.25398401
358,2018-01-07,20.47510758,78.44803649,33.01876722,31.81970951,31.25998825,57.51368336,49.04226207,20.17990389,20.22542421
359,2018-01-08,20.43652026,78.6236443,33.11898534,31.931056,31.3675957,57.67491392,49.24123736,20.14111418,20.18715645
360,2018-01-09,20.38956322,78.81240996,33.21188232,32.03490915,31.46768147,57.85096122,49.45577094,20.09408558,20.14060392
361,2018-01-10,20.33584466,79.01276514,33.29801499,32.13167423,31.56065936,58.03970462,49.68375214,20.04037509,20.08731987
362,2018-01-11,20.27704999,79.22289298,33.37808224,32.22191164,31.6470985,58.23881256,49.9228625,19.98161469,20.02893388
363,2018-01-12,20.21488592,79.44075364,33.45289208,32.30630837,31.72769477,58.44578496,50.17061804,19.91945672,19.96709724
364,2018-01-13,20.15102558,79.66411946,33.52332805,32.38564815,31.80324101,58.65800343,50.42441933,19.85552038,19.90342954
365,2018-01-14,20.08705621,79.8906192,33.59031578,32.46078115,31.87459686,58.87278815,50.68160828,19.79134089,19.83946764
366,2018-01-15,20.0244311,80.11779041,33.65479078,32.53259405,31.94265884,59.08746014,50.93953042,19.72832287,19.77661906
367,2018-01-16,19.96442712,80.34313856,33.71766808,32.60198108,32.00833176,59.29940736,51.195601,19.66769924,19.7161207
368,2018-01-17,19.90810919,80.56420143,33.77981463,32.66981704,32.07250177,59.50615283,51.44737304,19.61049704,19.65900451
369,2018-01-18,19.85630253,80.77861687,33.84202493,32.73693258,32.13601203,59.70542287,51.69260557,19.55751095,19.60607076
370,2018-01-19,19.80957362,80.98419191,33.90500052,32.80409246,32.19964111,59.89521333,51.92932977,19.50928527,19.55786983
371,2018-01-20,19.76822019,81.178971,33.96933355,32.87197713,32.2640849,60.07385191,52.1559111,19.46610491,19.51469296
372,2018-01-21,19.73227057,81.36130124,34.03549481,32.94116795,32.32994202,60.24005429,52.37110521,19.4279954,19.47657201
373,2018-01-22,19.70149217,81.52989218,34.1038262,33.01213621,32.39770306,60.3929724,52.57410585,19.39473195,19.44328826
374,2018-01-23,19.67540875,81.68386827,34.17453762,33.08523608,32.46774367,60.53223274,52.76458273,19.36585696,19.41438972
375,2018-01-24,19.6533259,81.82281169,34.24770827,33.1607014,32.54032151,60.65796347,52.94270801,19.34070557,19.38921637
376,2018-01-25,19.63436363,81.94679395,34.32329179,33.23864624,32.61557677,60.77080867,53.10916995,19.31843799,19.36693243
377,2018-01-26,19.61749511,82.05639475,34.40112525,33.31906895,32.69353628,60.87192911,53.26517283,19.29807784,19.34656444
378,2018-01-27,19.60159017,82.15270685,34.48094119,33.4018595,32.77412059,60.96298874,53.41242254,19.27855489,19.3270439
379,2018-01-28,19.58546204,82.23732629,34.56238241,33.4868095,32.85715392,61.04612666,53.55309765,19.25875089,19.30725305
380,2018-01-29,19.56791591,82.31232753,34.64501883,33.57362482,32.94237637,61.12391504,53.68980624,19.23754697,19.28607222
381,2018-01-30,19.54779754,82.38022381,34.7283659,33.66193998,33.02945797,61.19930328,53.82552906,19.21387096,19.26242709
382,2018-01-31,19.52404046,82.44391306,34.81190382,33.75133408,33.11801411,61.27554983,53.96355028,19.18674299,19.23533448
383,2018-02-01,19.49571005,82.50661065,34.8950971,33.84134754,33.20762174,61.35614286,54.10737711,19.15531805,19.20394491
384,2018-02-02,19.46204319,82.57177023,34.97741375,33.93149936,33.29783595,61.44471173,54.26065036,19.11892391,19.16758065
385,2018-02-03,19.42248209,82.64299482,35.05834365,34.02130419,33.38820643,61.54493147,54.42704799,19.0770931,19.12576797
386,2018-02-04,19.37670113,82.72394011,35.13741551,34.11028886,33.47829322,61.66042257,54.61018423,19.02958809,19.07826244
387,2018-02-05,19.3246259,82.81821269,35.21421201,34.19800791,33.56768152,61.79464884,54.81350682,18.9764185,19.02506643
388,2018-02-06,19.26644372,82.929266,35.28838282,34.28405769,33.65599508,61.95081608,55.04019528,18.91784999,18.96643821
389,2018-02-07,19.20260524,83.06029683,35.35965511,34.36808886,33.74290788,62.13177439,55.29306307,18.85440425,18.9028922
390,2018-02-08,19.13381705,83.21414545,35.42784141,34.4498167,33.82815388,62.33992691,55.57446637,18.78685022,18.83519045
391,2018-02-09,19.0610254,83.39320235,35.49284468,34.52902945,33.91153462,62.57714784,55.88622235,18.71618653,18.76432536
392,2018-02-10,18.98539161,83.59932443,35.5546606,34.60559413,33.99292455,62.84471213,56.22953946,18.64361589,18.69149422
393,2018-02-11,18.90825972,83.83376343,35.61337702,34.67946005,34.07227412,63.14323915,56.60496185,18.57051192,18.6180663
394,2018-02-12,18.8311175,84.0971088,35.66917084,34.75065994,34.14961049,63.4726524,57.01233009,18.49837963,18.54554343
395,2018-02-13,18.75555193,84.38924736,35.72230236,34.81930862,34.22503606,63.83215662,57.45075954,18.42881051,18.47551531
396,2018-02-14,18.68320046,84.70934103,35.77310746,34.88559955,34.29872493,64.22023358,57.91863762,18.36343385,18.40961079
397,2018-02-15,18.61569969,85.05582407,35.82198787,34.94979922,34.37091741,64.63465698,58.41364029,18.30386562,18.34944686
398,2018-02-16,18.55463291,85.42642023,35.86939987,35.01223978,34.4419128,65.07252677,58.93276815,18.25165647,18.29657659
399,2018-02-17,18.50147826,85.81818,35.91584175,35.07330996,34.51206073,65.53032223,59.47240139,18.20824068,18.252438
400,2018-02-18,18.45755907,86.22753728,35.96184052,35.13344472,34.58175139,66.00397295,60.02837265,18.17488742,18.21830524
401,2018-02-19,18.42399797,86.65038466,36.00793811,35.19311394,34.65140474,66.4889462,60.59605634,18.15265609,18.19524369
402,2018-02-20,18.40167631,87.08216533,36.05467757,35.25281022,34.72145924,66.98034872,61.17047228,18.142357,18.1840705
403,2018-02-21,18.39120009,87.51797971,36.10258953,35.31303651,34.79236026,67.47304046,61.74640124,18.14451891,18.18532182
404,2018-02-22,18.39287374,87.95270418,36.15217941,35.37429351,34.86454851,67.96175759,62.31850953,18.15936428,18.1992278
405,2018-02-23,18.40668235,88.38111874,36.20391543,35.4370674,34.93844879,68.44124147,62.88147949,18.18679328,18.22569632
406,2018-02-24,18.43228342,88.7980404,36.25821806,35.50181801,35.01445925,68.90637051,63.43014246,18.22637714,18.26430601
407,2018-02-25,18.46900808,89.19845883,36.3154507,35.56896791,35.09294158,69.35229121,63.95961081,18.27736112,18.31430895
408,2018-02-26,18.51587224,89.57767031,36.3759122,35.63889243,35.17421211,69.77454495,64.46540531,18.33867725,18.37464307
409,2018-02-27,18.57159719,89.93140655,36.439831,35.711911,35.25853421,70.16918708,64.94357455,18.4089665,18.4439541
410,2018-02-28,18.63463935,90.25595459,36.50736119,35.7882799,35.34611199,70.53289497,65.39080284,18.48660995,18.5206265
411,2018-03-01,18.70322831,90.54826427,36.57858042,35.86818659,35.43708559,70.86306182,65.80450364,18.56976808,18.60282252
412,2018-03-02,18.77541214,90.80604032,36.6534897,35.95174569,35.53152788,71.15787369,66.1828958,18.65642721,18.6885285
413,2018-03-03,18.84910874,91.02781589,36.73201495,36.03899673,35.6294429,71.41636719,66.52506005,18.74445167,18.77560702
414,2018-03-04,18.92216182,91.21300557,36.81401032,36.12990367,35.73076587,71.63846605,66.83097417,18.83164051,18.86185344
415,2018-03-05,18.99239978,91.36193574,36.89926306,36.22435613,35.83536479,71.82499536,67.10152532,18.91578679,18.94505539
416,2018-03-06,19.05769606,91.4758513,36.9874998,36.32217241,35.94304356,71.97767247,67.33849901,18.9947381,19.02305328
417,2018-03-07,19.11602885,91.55689797,37.07839408,36.42310402,36.0535466,72.09907471,67.54454441,19.06645632,19.09380023
418,2018-03-08,19.16553879,91.60808033,37.17157491,36.52684185,36.16656479,72.19258421,67.72311681,19.12907497,19.15541972
419,2018-03-09,19.20458268,91.63319637,37.26663614,36.63302363,36.28174257,72.26231109,67.87839815,19.18095245,19.20625906
420,2018-03-10,19.23178167,91.63674986,37.36314641,36.7412426,36.39868619,72.31299667,68.01519761,19.22071962,19.24493734
421,2018-03-11,19.24606258,91.62384257,37.46065952,36.85105728,36.51697271,72.34989889,68.13883439,19.24732023,19.27038619
422,2018-03-12,19.24669095,91.60004907,37.55872487,36.96200193,36.6361598,72.37866289,68.25500569,19.26004296,19.2818823
423,2018-03-13,19.23329489,91.57127696,37.65689792,37.07359771,36.75579593,72.40517984,68.36964313,19.25854414,19.27907057
424,2018-03-14,19.2058788,91.54361636,37.75475031,37.18536409,36.87543085,72.43543761,68.48876112,19.24286032,19.26197708
425,2018-03-15,19.16482672,91.52318238,37.85187957,37.29683049,36.99462623,72.4753671,68.61830118,19.21341031,19.23101163
426,2018-03-16,19.11089488,91.51595474,37.94791809,37.40754769,37.11296597,72.5306882,68.76397626,19.17098651,19.18695945
427,2018-03-17,19.04519373,91.52761878,38.04254142,37.5170989,37.23006626,72.60675947,68.93111896,19.1167356,19.13096234
428,2018-03-18,18.96915975,91.56341218,38.13547545,37.62511025,37.34558505,72.70843544,69.12453791,19.05212921,19.06448965
429,2018-03-19,18.88451789,91.62798145,38.22650268,37.73126036,37.45923063,72.83993537,69.34838595,18.97892523,18.9892999
430,2018-03-20,18.79323556,91.72525232,38.31546716,37.83528892,37.57076938,73.00472704,69.60604383,18.89912072,18.90739398
431,2018-03-21,18.69746941,91.85831734,38.40227823,37.93700394,37.6800322,73.20542877,69.90002246,18.81489785,18.82096118
432,2018-03-22,18.59950642,92.0293442,38.48691291,38.0362876,37.78691977,73.44373229,70.23188662,18.72856424,18.73231964
433,2018-03-23,18.50170083,92.23950714,38.56941687,38.13310047,37.89140622,73.72034879,70.60220215,18.64248934,18.64385274
434,2018-03-24,18.40640878,92.48894373,38.649904,38.22748396,37.99354127,74.03497965,71.01050829,18.55903868,18.55794324
435,2018-03-25,18.31592249,92.77673823,38.72855454,38.31956096,38.0934507,74.38631292,71.45531613,18.48050781,18.47690706
436,2018-03-26,18.23240567,93.10093228,38.80561183,38.40953458,38.1913351,74.7720457,71.93413329,18.40905778,18.40292845
437,2018-03-27,18.15783223,93.45856301,38.88137762,38.49768494,38.28746676,75.18893215,72.44351457,18.34665396,18.3379985
438,2018-03-28,18.09392986,93.84572751,38.95620605,38.58436397,38.38218487,75.63285602,72.97913723,18.29501001,18.28385861
439,2018-03-29,18.04213016,94.25767242,39.03049648,38.66998843,38.47588901,76.09892595,73.53589938,18.25553848,18.24195072
440,2018-03-30,18.00352678,94.68890641,39.10468497,38.75503106,38.56903088,76.58159125,74.1080388,18.22930962,18.21337544
441,2018-03-31,17.97884268,95.13333263,39.17923491,38.8400101,38.66210458,77.07477529,74.68926949,18.21701942,18.19885956
442,2018-04-01,17.96840763,95.58439795,39.25462661,38.92547731,38.75563546,77.57202309,75.27293242,18.21896794,18.19873374
443,2018-04-02,17.97214642,96.03525504,39.3313462,39.01200472,38.85016776,78.06665946,75.85215657,18.23504849,18.21292108
444,2018-04-03,17.98957838,96.47893326,39.40987397,39.10017033,38.9462513,78.55195351,76.42002642,18.2647481,18.24093692
445,2018-04-04,18.01982799,96.90851374,39.49067236,39.19054317,39.04442743,79.02128555,76.96975139,18.30715912,18.28189988
446,2018-04-05,18.06164662,97.31730427,39.57417373,39.28366775,39.1452145,79.46831181,77.49483294,18.36100192,18.33455393
447,2018-04-06,18.11344454,97.69900934,39.66076837,39.38004867,39.24909331,79.88712303,77.98922514,18.42465786,18.39730088
448,2018-04-07,18.17333251,98.04789086,39.7507927,39.48013526,39.35649264,80.27239261,78.44748448,18.49621171,18.4682423
449,2018-04-08,18.23917178,98.35891544,39.84451818,39.58430706,39.46777547,80.6195106,78.86490511,18.57350237,18.54522994
450,2018-04-09,18.30863104,98.6278842,39.94214108,39.69286024,39.58322596,80.92470012,79.23763605,18.65418057,18.62592302
451,2018-04-10,18.37924881,98.85154188,40.04377333,39.80599535,39.70303783,81.18511312,79.56277733,18.73577169,18.70785099
452,2018-04-11,18.44849959,99.02766225,40.14943479,39.92380697,39.82730421,81.39890311,79.83845262,18.81574232,18.78847989
453,2018-04-12,18.51386176,99.15510761,40.25904719,40.04627529,39.95600947,81.56527294,80.06385656,18.89156839,18.86528057
454,2018-04-13,18.57288553,99.23386082,40.37242993,40.17326012,40.08902327,81.68449651,80.2392755,18.96080321,18.93579678
455,2018-04-14,18.62325893,99.26502918,40.48929791,40.30449757,40.22609704,81.75791385,80.36608133,19.02114332,18.99771137
456,2018-04-15,18.66287004,99.25081976,40.60926166,40.43959949,40.36686314,81.78789975,80.44669836,19.07049058,19.04890858
457,2018-04-16,18.68986377,99.19448721,40.73182979,40.57805601,40.51083685,81.77780683,80.48454451,19.10700846,19.08753086
458,2018-04-17,18.70269153,99.10025528,40.85641402,40.71924103,40.65742136,81.73188462,80.48394808,19.12917133,19.11202857
459,2018-04-18,18.70015249,98.97321411,40.98233655,40.86242085,40.80591556,81.65517673,80.45004252,19.13580503,19.1212012
460,2018-04-19,18.68142528,98.81919623,41.10884004,41.00676588,40.95552495,81.55339885,80.38864185,19.12611792,19.11422899
461,2018-04-20,18.64608926,98.64463429,41.23509991,41.15136512,41.10537515,81.43280092,80.3061001,19.09972135,19.0906941
462,2018-04-21,18.5941348,98.45640456,41.36023893,41.2952434,41.25452817,81.30001685,80.20915838,19.05663912,19.05059074
463,2018-04-22,18.52596231,98.26166016,41.48334384,41.43738091,41.4020009,81.1619059,80.10478356,18.99730566,18.99432406
464,2018-04-23,18.44237005,98.06765844,41.6034837,41.57673474,41.54678571,81.02538965,80.00000268,18.92255303,18.92269775
465,2018-04-24,18.3445312,97.88158708,41.71972975,41.71226202,41.68787247,80.89728898,79.90173746,18.83358713,18.83689099
466,2018-04-25,18.23396071,97.71039328,41.8311762,41.84294407,41.82427185,80.78416488,79.81664297,18.73195381,18.73842506
467,2018-04-26,18.11247306,97.56062069,41.93696171,41.96781101,41.95503906,80.6921675,79.75095457,18.61949589,18.62912094
468,2018-04-27,17.98213205,97.438258,42.03629094,42.08596639,42.07929772,80.62689686,79.71034701,18.49830233,18.51104887
469,2018-04-28,17.84519404,97.34860315,42.12845562,42.19661096,42.19626303,80.59327885,79.69980902,18.37065097,18.38647149
470,2018-04-29,17.70404634,97.29614652,42.21285477,42.29906523,42.30526381,80.59545953,79.72353647,18.23894652,18.25778202
471,2018-04-30,17.56114249,97.28447591,42.28901336,42.39278999,42.40576272,80.63672,79.78484662,18.1056555,18.12743938
472,2018-05-01,17.41893614,97.31620554,42.35659884,42.47740425,42.49737408,80.71941398,79.88611528,17.97323999,17.99790195
473,2018-05-02,17.27981554,97.39293064,42.41543526,42.55270007,42.57987865,80.84492926,80.02873828,17.84409211,17.87156195
474,2018-05-03,17.14604043,97.51520849,42.46551409,42.61865371,42.65323496,81.0136737,80.21311775,17.72047096,17.75068221
475,2018-05-04,17.01968302,97.68256599,42.50700173,42.67543264,42.71758676,81.22508565,80.43867326,17.60444382,17.63733702
476,2018-05-05,16.90257475,97.89353325,42.54024297,42.72339816,42.77326599,81.47766834,80.70387707,17.49783326,17.53335889
477,2018-05-06,16.79626033,98.14570182,42.56576035,42.76310319,42.82079131,81.76904667,81.00631221,17.40217156,17.44029246
478,2018-05-07,16.70196021,98.4358057,42.58424905,42.79528521,42.86086179,82.09604473,81.3427514,17.31866371,17.35935691
479,2018-05-08,16.62054253,98.75982255,42.59656732,42.82085433,42.89434576,82.45478154,81.70925443,17.24815988,17.29141789
480,2018-05-09,16.55250529,99.11309209,42.60372242,42.84087643,42.92226496,82.84078216,82.10128102,17.19113825,17.23696961
481,2018-05-10,16.49796909,99.49044812,42.60685211,42.85655174,42.94577404,83.24910096,82.51381602,17.14769837,17.1961276
482,2018-05-11,16.45668068,99.88636052,42.60720206,42.86918911,42.96613589,83.67445352,82.94150323,17.11756531,17.16863215
483,2018-05-12,16.428027,100.295083,42.60609951,42.88017656,42.98469314,84.11135359,83.37878425,17.1001044,17.15386235
484,2018-05-13,16.41105934,100.7108027,42.60492356,42.89094851,43.00283636,84.55425118,83.8200386,17.09434589,17.1508602
485,2018-05-14,16.4045267,101.1277873,42.60507282,42.90295056,43.02196981,84.99766827,84.25972117,17.09901895,17.158364
486,2018-05-15,16.40691752,101.5405262,42.60793101,42.91760256,43.04347524,85.43632842,84.69249363,17.1125938,17.17484997
487,2018-05-16,16.41650833,101.943861,42.61483134,42.93626077,43.06867488,85.86527707,85.11334627,17.13333077,17.19858094
488,2018-05-17,16.43141791,102.3331033,42.62702048,42.96018019,43.09879428,86.27998941,85.51770733,17.1593348,17.22766048
489,2018-05-18,16.44966548,102.7041353,42.64562306,42.9904778,43.13492612,86.67646328,85.90153715,17.18861375,17.26009105
490,2018-05-19,16.46923097,103.0534928,42.67160757,43.02809796,43.1779959,87.05129503,86.26140493,17.21913887,17.29383432
491,2018-05-20,16.48811585,103.3784264,42.70575466,43.0737807,43.22873039,87.40173655,86.59454668,17.24890555,17.32687202
492,2018-05-21,16.50440261,103.6769416,42.7486287,43.128034,43.28762998,87.72573268,86.89890303,17.27599273,17.35726542
493,2018-05-22,16.51631126,103.9478162,42.80055356,43.19111072,43.35494549,88.02193826,87.17313673,17.29861918,17.3832119
494,2018-05-23,16.52225117,104.1905953,42.86159326,43.26299127,43.43066057,88.28971519,87.41662971,17.31519505,17.40309688
495,2018-05-24,16.52086683,104.4055652,42.93153842,43.34337233,43.51448009,88.52911009,87.62946056,17.32436726,17.41553966
496,2018-05-25,16.51107626,104.5937063,43.00989889,43.43166243,43.60582513,88.74081367,87.81236365,17.32505748,17.41943197
497,2018-05-26,16.49210098,104.7566284,43.09590325,43.5269846,43.70383514,88.92610385,87.96667156,17.31649163,17.4139681
498,2018-05-27,16.46348676,104.8964894,43.18850522,43.62818638,43.80737722,89.08677445,88.09424315,17.29822011,17.39866584
499,2018-05-28,16.42511466,105.0159015,43.28639743,43.73385718,43.91506283,89.22505224,88.19737963,17.27012828,17.37337768
500,2018-05-29,16.377202,105.117827,43.38803224,43.84235288,44.02527156,89.34350505,88.2787317,17.232437,17.3382921
501,2018-05-30,16.3202935,105.205468,43.4916495,43.95182723,44.13618186,89.44494397,88.34120059,17.18569316,17.2939249
502,2018-05-31,16.25524273,105.2821528,43.59531093,44.06026965,44.24580807,89.53232276,88.38783627,17.13075077,17.24110099
503,2018-06-01,16.18318465,105.3512226,43.6969403,44.16554857,44.3520431,89.60863763,88.42173591,17.06874305,17.18092721
504,2018-06-02,16.1055001,105.4159233,43.79436881,44.2654595,44.45270585,89.67683037,88.44594579,17.00104657,17.11475712
505,2018-06-03,16.02377316,105.4793032,43.88538469,44.35777686,44.54559251,89.73969771,88.46336924,16.92923845,17.04414875
506,2018-06-04,15.93974302,105.544122,43.96778592,44.44030817,44.62853032,89.79980958,88.47668365,16.85504798,16.97081675
507,2018-06-05,15.85525153,105.6127722,44.03943481,44.51094964,44.69943278,89.85943845,88.4882685,16.78030414,16.89658025
508,2018-06-06,15.77218812,105.6872158,44.09831325,44.56774155,44.75635487,89.92050163,88.50014648,16.70688058,16.82330818
509,2018-06-07,15.69243377,105.7689373,44.1425772,44.60892217,44.79754679,89.98451808,88.51393903,16.63663974,16.75286345
510,2018-06-08,15.61780557,105.8589155,44.17060899,44.63297877,44.82150506,90.05258047,88.5308374,16.57137764,16.68704785
511,2018-06-09,15.55000365,105.9576122,44.18106611,44.63869437,44.82701935,90.12534309,88.55158951,16.51277117,16.62754922
512,2018-06-10,15.49056189,106.0649803,44.17292507,44.62518888,44.8132139,90.20302542,88.57650261,16.46232918,16.57589232
513,2018-06-11,15.4408039,106.1804888,44.14551904,44.5919535,44.77958219,90.28543085,88.60546121,16.42134902,16.53339504
514,2018-06-12,15.40180549,106.3031648,44.09856822,44.53887714,44.72601388,90.37197943,88.63795912,16.39087956,16.50113098
515,2018-06-13,15.37436475,106.4316494,44.03220176,44.4662642,44.65281294,90.46175316,88.67314418,16.37169185,16.47989954
516,2018-06-14,15.35898047,106.5642663,43.94697051,44.37484267,44.56070639,90.55355198,88.70987372,16.36425822,16.47020447
517,2018-06-15,15.35583953,106.6991006,43.84384983,44.26576238,44.45084296,90.6459582,88.74677873,16.36874029,16.47224111
518,2018-06-16,15.36481358,106.8340842,43.72423225,44.14058279,44.32478156,90.73740692,88.78233394,16.3849863,16.48589302
519,2018-06-17,15.38546492,106.9670854,43.58990962,44.0012506,44.1844693,90.82625987,88.81493164,16.41253762,16.51073774
520,2018-06-18,15.41706144,107.0959989,43.44304496,43.85006727,44.03220948,90.91087989,88.84295611,16.45064429,16.54606149
521,2018-06-19,15.45860011,107.2188338,43.28613432,43.68964688,43.87061994,90.98970353,88.86485627,16.49828898,16.59088241
522,2018-06-20,15.50883811,107.3337959,43.12195929,43.52286526,43.70258243,91.06130887,88.87921385,16.55421861,16.64398141
523,2018-06-21,15.56633077,107.4393615,42.95353111,43.35280125,43.53118415,91.12447652,88.88480462,16.61698264,16.70393977
524,2018-06-22,15.62947501,107.5343407,42.78402731,43.18267137,43.35965246,91.17824136,88.88065061,16.6849768,16.76918223
525,2018-06-23,15.69655708,107.6179272,42.61672249,43.01575921,43.19128437,91.22193329,88.8660614,16.75649091,16.83802429
526,2018-06-24,15.76580291,107.6897329,42.45491448,42.85534133,43.02937223,91.25520552,88.84066306,16.82975941,16.90872221
527,2018-06-25,15.83542982,107.749807,42.30184785,42.70461109,42.87712738,91.27804946,88.80441376,16.90301292,16.97952427
528,2018-06-26,15.90369783,107.7986378,42.16063632,42.56660253,42.73760364,91.29079551,88.75760543,16.97452938,17.04872168
529,2018-06-27,15.96895909,107.837137,42.03418615,42.44411593,42.6136224,91.29409978,88.70085137,17.04268328,17.11469758
530,2018-06-28,16.02970398,107.8666083,41.92512233,42.33964693,42.50770121,91.28891714,88.6350603,17.10599132,17.1759728
531,2018-06-29,16.08460258,107.8886994,41.83571944,42.25532121,42.42198779,91.27646142,88.56139763,17.16315341,17.23124691
532,2018-06-30,16.13254014,107.9053402,41.76783911,42.19283621,42.3582011,91.25815415,88.48123533,17.21308763,17.27943339
533,2018-07-01,16.17264569,107.9186689,41.72287566,42.15341165,42.31758104,91.23556357,88.39609206,17.25495822,17.31968793
534,2018-07-02,16.20431294,107.9309482,41.70171162,42.13775017,42.30084848,91.21033586,88.30756568,17.28819578,17.3514291
535,2018-07-03,16.22721286,107.9444743,41.70468434,42.14600937,42.30817642,91.18412115,88.21726039,17.31250919,17.37435069
536,2018-07-04,16.24129765,107.9614826,41.73156483,42.17778611,42.33917371,91.15849674,88.12671118,17.32788885,17.38842556
537,2018-07-05,16.24679612,107.9840517,41.78154976,42.23211375,42.39288159,91.13489017,88.03730816,17.33460132,17.39390086
538,2018-07-06,16.24420054,108.0140106,41.85326696,42.30747274,42.46778377,91.11450512,87.95022347,17.33317553,17.39128488
539,2018-07-07,16.23424564,108.0528517,41.94479475,42.40181453,42.56182986,91.09825248,87.86634354,17.32438098,17.38132598
540,2018-07-08,16.21788018,108.101652,42.05369489,42.51259852,42.67247204,91.08668944,87.78620915,17.30919887,17.36498427
541,2018-07-09,16.19623237,108.1610067,42.17705866,42.63684143,42.79671427,91.07996878,87.70996561,17.28878678,17.343397
542,2018-07-10,16.17056988,108.2309766,42.31156525,42.77117821,42.93117311,91.07780045,87.63732507,17.26443832,17.31783878
543,2018-07-11,16.14225598,108.3110521,42.45355137,42.91193315,43.07214903,91.07942709,87.56754271,17.23753878,17.28967781
544,2018-07-12,16.11270307,108.4001351,42.59909045,43.05519976,43.21570658,91.08361478,87.49940786,17.20951841,17.26032956
545,2018-07-13,16.08332502,108.4965401,42.74407995,43.19692758,43.35776161,91.08865977,87.4312511,17.18180446,17.23120932
546,2018-07-14,16.05548986,108.5980143,42.88433452,43.33301404,43.49417381,91.09241154,87.3609673,17.15577385,17.20368509
547,2018-07-15,16.03047427,108.7017779,43.01568321,43.45939918,43.6208421,91.09231196,87.28605464,17.13270754,17.17903221
548,2018-07-16,16.00942122,108.8045829,43.13406805,43.57216106,43.73380093,91.08544975,87.20366876,17.11374831,17.15839126
549,2018-07-17,15.99330213,108.9027888,43.23564197,43.66760945,43.82931497,91.06862911,87.11069077,17.099863,17.14273032
550,2018-07-18,15.98288459,108.9924548,43.31686339,43.74237567,43.90396994,91.03845074,87.00380752,17.09181057,17.1328129
551,2018-07-19,15.97870672,109.069444,43.37458534,43.79349624,43.95475733,90.99140325,86.87960194,17.0901167,17.12917246
552,2018-07-20,15.98105895,109.1295388,43.40613657,43.81848824,43.9791509,90.92396224,86.73465104,17.09505598,17.13209424
553,2018-07-21,15.98997359,109.168563,43.40939281,43.81541446,43.97517289,90.8326946,86.56562871,17.10664192,17.141605
554,2018-07-22,16.00522274,109.182507,43.38283605,43.78293652,43.94144819,90.71436469,86.36941046,17.1246253,17.15747092
555,2018-07-23,16.02632437,109.1676535,43.32560024,43.72035468,43.87724508,90.56603957,86.14317697,17.14850077,17.17920378
556,2018-07-24,16.05255652,109.120699,43.23750217,43.62763289,43.7825012,90.38518992,85.88451326,17.17752155,17.20607512
557,2018-07-25,16.08297903,109.0388677,43.11905632,43.50540862,43.65783399,90.16978368,85.59150047,17.21072167,17.23713796
558,2018-07-26,16.11646226,108.9200139,42.97147331,43.35498663,43.50453512,89.91836931,85.26279734,17.24694518,17.27125553
559,2018-07-27,16.15172178,108.7627107,42.79664145,43.17831691,43.3245488,89.63014616,84.89770873,17.28488136,17.30713587
560,2018-07-28,16.18735812,108.5663201,42.59709178,42.97795696,43.12043419,89.30501938,84.49623874,17.32310478,17.34337146
561,2018-07-29,16.2219001,108.3310447,42.37594712,42.7570191,42.89531279,88.94363752,84.05912664,17.36011921,17.37848263
562,2018-07-30,16.25385076,108.0579561,42.13685612,42.51910397,42.65280167,88.54741114,83.58786401,17.39440374,17.41096326
563,2018-07-31,16.28173414,107.7490008,41.88391369,42.26822155,42.3969341,88.11851165,83.08469211,17.42445994,17.4393276
564,2018-08-01,16.30414174,107.4069827,41.62156962,42.00870152,42.13206928,87.6598497,82.55257918,17.44885852,17.46215664
565,2018-08-02,16.31977714,107.0355205,41.35452731,41.74509498,41.86279328,87.1750333,81.99517772,17.46628416,17.47814271
566,2018-08-03,16.32749738,106.6389827,41.08763514,41.48206971,41.59381336,86.66830651,81.41676241,17.475577,17.48613086
567,2018-08-04,16.32635002,106.2224009,40.82577282,41.22430162,41.32984828,86.14446969,80.82215013,17.47576972,17.4851559
568,2018-08-05,16.31560452,105.7913622,40.57373559,40.97636468,41.07551707,85.60878333,80.21660373,17.46611902,17.47447394
569,2018-08-06,16.29477725,105.3518853,40.33611895,40.74262225,40.83522909,85.06685759,79.60572182,17.44613054,17.45358736
570,2018-08-07,16.26364922,104.9102816,40.11720678,40.52712231,40.61307784,84.52453041,78.99531749,17.41557652,17.42226275
571,2018-08-08,16.22227604,104.4730065,39.9208657,40.33349907,40.41274138,83.9877371,78.39128876,17.3745057,17.380541
572,2018-08-09,16.17098985,104.0465031,39.75044816,40.1648836,40.23739157,83.46237484,77.79948433,17.32324506,17.32873945
573,2018-08-10,16.11039322,103.6370437,39.60870681,40.0238256,40.08961463,82.95416574,77.22556799,17.26239362,17.26744596
574,2018-08-11,16.04134507,103.2505736,39.49772247,39.91222829,39.97134498,82.46852183,76.67488533,17.19280819,17.19750517
575,2018-08-12,15.96493926,102.8925598,39.41884746,39.83129818,39.88381395,82.01041586,76.15233637,17.11558178,17.11999725
576,2018-08-13,15.88247634,102.5678511,39.37266582,39.78151103,39.827515,81.58426122,75.66225751,17.03201524,17.03621004
577,2018-08-14,15.7954294,102.2805516,39.35897185,39.76259497,39.80218624,81.1938044,75.20831608,16.94358291,16.94760511
578,2018-08-15,15.70540509,102.0339121,39.37676732,39.77353136,39.80681092,80.84203285,74.79342032,16.85189359,16.85577913
579,2018-08-16,15.61410096,101.8302433,39.42427792,39.81257343,39.83963591,80.53110095,74.4196475,16.75864767,16.76242143
580,2018-08-17,15.52326036,101.670851,39.49898855,39.87728257,39.89820815,80.2622761,74.08819209,16.66559205,16.66926922
581,2018-08-18,15.4346264,101.5559988,39.59769693,39.96458132,39.97942796,80.03590667,73.79933556,16.57447395,16.57806171
582,2018-08-19,15.3498962,101.484896,39.71658429,40.0708221,40.07961842,79.85141262,73.55243883,16.48699517,16.49049457
583,2018-08-20,15.27067687,101.4557139,39.85130165,40.19186999,40.19460898,79.70729938,73.34595763,16.40476805,16.40817611
584,2018-08-21,15.19844455,101.4656294,39.99706974,40.32319782,40.31983161,79.60119469,73.1774806,16.32927449,16.33258633
585,2018-08-22,15.13450764,101.5108946,40.14879025,40.45999118,40.45042709,79.5299076,73.04378911,16.26182921,16.26504021
586,2018-08-23,15.07997534,101.5869314,40.30116579,40.59726112,40.58135911,79.48950808,72.94093757,16.20354834,16.20665625
587,2018-08-24,15.0357324,101.6884482,40.44882573,40.72996162,40.70753327,79.47542537,72.86435188,16.15532417,16.15833109
588,2018-08-25,15.00242072,101.8095766,40.586455,40.85310924,40.8239184,79.48256251,72.80894376,16.11780679,16.12072096
589,2018-08-26,14.98042838,101.9440236,40.70892257,40.96190203,40.9256671,79.50542399,72.76923781,16.09139322,16.0942305
590,2018-08-27,14.96988627,102.0852355,40.81140674,41.05183473,41.00823264,79.53825333,72.73950809,16.07622396,16.07900911
591,2018-08-28,14.97067239,102.2265697,40.88951391,41.11880764,41.06747942,79.57517683,72.71392054,16.07218738,16.07495487
592,2018-08-29,14.98242355,102.3614698,40.93938817,41.15922638,41.0997843,79.61034986,72.68667751,16.07893137,16.08172589
593,2018-08-30,15.004554,102.4836382,40.95780879,41.1700902,41.10212624,79.63810166,72.65216064,16.09588197,16.09875853
594,2018-08-31,15.03628044,102.5872028,40.94227327,41.14906656,41.07216215,79.65307502,72.60506817,16.1222683,16.12529188
595,2018-09-01,15.0766524,102.6668734,40.89106383,41.09455023,41.00828691,79.65035696,72.5405432,16.15715283,16.16039771
596,2018-09-02,15.12458697,102.7180815,40.80329565,41.00570538,40.90967625,79.62559702,72.45428937,16.19946605,16.20301472
597,2018-09-03,15.1789068,102.7371029,40.67894551,40.8824896,40.77631119,79.57511013,72.34267104,16.24804431,16.25198605
598,2018-09-04,15.23838011,102.7211567,40.51886009,40.72565915,40.60898348,79.49596123,72.20279521,16.30166962,16.3060988
599,2018-09-05,15.3017612,102.6684795,40.32474366,40.53675541,40.40928189,79.38602948,72.03257315,16.35911006,16.36412415
600,2018-09-06,15.36783038,102.5783731,40.09912517,40.3180726,40.17955948,79.24405046,71.83076014,16.41915944,16.42485686
601,2018-09-07,15.43543184,102.4512226,39.84530564,40.07260767,39.92288268,79.0696352,71.59697224,16.48067498,16.48715284
602,2018-09-08,15.50350829,102.2884862,39.56728693,39.80399334,39.64296332,78.86326578,71.33167994,16.54261172,16.54996353
603,2018-09-09,15.57113119,102.0926555,39.26968345,39.51641604,39.34407518,78.62626746,71.03617876,16.60405258,16.6123659
604,2018-09-10,15.63752567,101.8671884,38.95761895,39.21452059,39.03095704,78.36075851,70.71253784,16.664233,16.67358728
605,2018-09-11,15.70208927,101.6164156,38.63661085,38.90330379,38.70870456,78.0695789,70.36352796,16.72255954,16.73302406
606,2018-09-12,15.76440384,101.3454226,38.31244468,38.58799972,38.38265344,77.7562001,69.99253112,16.77862162,16.79025369
607,2018-09-13,15.82424037,101.0599125,37.99104176,38.27395911,38.0582568,77.4246184,69.60343414,16.83219619,16.84503965
608,2018-09-14,15.88155652,100.7660505,37.67832316,37.96652607,37.74095958,77.07923478,69.20050942,16.88324517,16.89732915
609,2018-09-15,15.93648684,100.4702963,37.38007334,37.67091472,37.436073,76.72472471,68.78828605,16.93190566,16.94724379
610,2018-09-16,15.98932629,100.1792282,37.10180649,37.392089,37.14865216,76.36590133,68.37141499,16.97847337,16.99506341
611,2018-09-17,16.04050732,99.8993629,36.848639,37.13464837,36.88337953,76.00757606,67.95453194,17.02337984,17.04120362
612,2018-09-18,16.09057154,99.63697726,36.62517099,36.90272208,36.64445728,75.65442016,67.54212188,17.06716412,17.08618803
613,2018-09-19,16.14013678,99.39793576,36.43537976,36.69987467,36.43551092,75.3108313,67.13838879,17.11044004,17.13061588
614,2018-09-20,16.18986079,99.18752858,36.28252775,36.52902488,36.25950659,74.98080861,66.74713432,17.1538601,17.17512628
615,2018-09-21,16.24040281,99.01032481,36.16908716,36.39237982,36.1186839,74.66783971,66.37164862,17.1980772,17.22036039
616,2018-09-22,16.29238426,98.8700445,36.09668306,36.29138606,36.01450601,74.37480273,66.01461642,17.2437057,17.26692278
617,2018-09-23,16.34635008,98.76945324,36.06605633,36.22669869,35.94762796,74.10388596,65.67804073,17.29128305,17.31534327
618,2018-09-24,16.40273208,98.71028188,36.07704733,36.19816916,35.91788412,73.8565273,65.36318641,17.34123344,17.36604083
619,2018-09-25,16.46181552,98.69317372,36.12860058,36.20485193,35.92429493,73.63337511,65.07054498,17.39383472,17.41929067
620,2018-09-26,16.52371032,98.71766054,36.21879045,36.24502999,35.96509272,73.43427138,64.79982162,17.44919005,17.4751959
621,2018-09-27,16.58832799,98.78216801,36.34486712,36.31625838,36.03776598,73.25825772,64.5499446,17.50720506,17.53366473
622,2018-09-28,16.65536516,98.88405059,36.50332162,36.41542468,36.13912097,73.10360384,64.31909692,17.56757182,17.59439432
623,2018-09-29,16.72429463,99.01965468,36.68996852,36.53882502,36.26535905,72.9678577,64.1047691,17.62976009,17.65686196
624,2018-09-30,16.79436423,99.18440861,36.90004414,36.6822536,36.41216798,72.84791592,63.90383169,17.69301655,17.72032398
625,2018-10-01,16.86460409,99.37293687,37.12831786,36.84110368,36.5748248,72.74011232,63.7126254,17.75637221,17.78382298
